{"cameraMode":{"drawMode":0,"name":"Shaded","section":"Shading Mode"},"sceneLighting":false,"audioPlay":false,"sceneViewState":{"showFog":true,"showMaterialUpdate":false,"showSkybox":false,"showFlares":true,"showImageEffects":true,"showParticleSystems":true},"in2DMode":false,"pivot":{"x":-0.0008912775665521622,"y":0.13025841116905213,"z":0.6554999947547913},"rotation":{"x":-0.2872057557106018,"y":-0.002301702043041587,"z":0.0006899646832607687,"w":-0.9578660726547241},"size":0.3418681025505066,"orthographic":false}