{"cameraMode":{"drawMode":0,"name":"Shaded","section":"Shading Mode"},"sceneLighting":true,"audioPlay":false,"sceneViewState":{"showFog":true,"showMaterialUpdate":false,"showSkybox":true,"showFlares":true,"showImageEffects":true,"showParticleSystems":true},"in2DMode":false,"pivot":{"x":-0.12451059371232987,"y":-0.3084557056427002,"z":-0.22125673294067384},"rotation":{"x":-0.23506857454776765,"y":-0.012540972791612149,"z":0.003033068962395191,"w":-0.9718934297561646},"size":2.593611240386963,"orthographic":false}